Neighbourhood,Neighbourhood Latitude,Neighbourhood Longitude,Venue,Venue Latitude,Venue Longitude,Venue Category
Charlottenburg-Wilmersdorf,52.5078558,13.2639518,Adik's Stehcafe,52.50788884366084,13.258130836747545,Café
Charlottenburg-Wilmersdorf,52.5078558,13.2639518,Die Wühlmäuse,52.50882953708777,13.27073335647583,Comedy Club
Charlottenburg-Wilmersdorf,52.5078558,13.2639518,Block House,52.50939337436111,13.27095796347855,Steakhouse
Charlottenburg-Wilmersdorf,52.5078558,13.2639518,Hotel Villa Kastania,52.510310204768956,13.26822290270997,Hotel
Charlottenburg-Wilmersdorf,52.5078558,13.2639518,Rasas,52.51209979648858,13.264463509284983,Indian Restaurant
Charlottenburg-Wilmersdorf,52.5078558,13.2639518,rbb Dachlounge,52.50857486674797,13.274778127670288,Roof Deck
Charlottenburg-Wilmersdorf,52.5078558,13.2639518,Georg-Kolbe-Museum,52.50988349489067,13.255111074929948,Art Museum
Charlottenburg-Wilmersdorf,52.5078558,13.2639518,Piccolo Mondo,52.51235548979211,13.267806432067728,Italian Restaurant
Charlottenburg-Wilmersdorf,52.5078558,13.2639518,Sommergarten,52.5051203463786,13.273801803588865,Garden
Charlottenburg-Wilmersdorf,52.5078558,13.2639518,Mateo-Looi Sushi Restaurant,52.5115295631979,13.268427952315353,Chinese Restaurant
Charlottenburg-Wilmersdorf,52.5078558,13.2639518,mama trattoria,52.50999,13.2739105,Pizzeria
Charlottenburg-Wilmersdorf,52.5078558,13.2639518,Rafih,52.508179,13.257651,Pizzeria
Charlottenburg-Wilmersdorf,52.5078558,13.2639518,BIO COMPANY,52.512500872153744,13.26748890695235,Organic Grocery
Charlottenburg-Wilmersdorf,52.5078558,13.2639518,REWE CITY,52.51017102,13.27273302,Supermarket
Charlottenburg-Wilmersdorf,52.5078558,13.2639518,TOTAL Tankstelle,52.5083891,13.260572,Fuel Station
Charlottenburg-Wilmersdorf,52.5078558,13.2639518,Mommsenstadion,52.501005913081926,13.264532089233398,Stadium
Charlottenburg-Wilmersdorf,52.5078558,13.2639518,Prime Kebap,52.51026227782016,13.271246157794886,Falafel Restaurant
Charlottenburg-Wilmersdorf,52.5078558,13.2639518,La Victoria,52.51057943416563,13.270550398480966,Italian Restaurant
Charlottenburg-Wilmersdorf,52.5078558,13.2639518,Lindenwirtin,52.51033483725336,13.271707068159364,German Restaurant
Charlottenburg-Wilmersdorf,52.5078558,13.2639518,Wiener Conditorei Caffeehaus am Steubenplatz,52.51607075125315,13.260251416623968,Café
Charlottenburg-Wilmersdorf,52.5078558,13.2639518,Prime Chicken,52.51023864746094,13.271011352539062,Fried Chicken Joint
Charlottenburg-Wilmersdorf,52.5078558,13.2639518,Westend Klause,52.516494,13.260109,Bar
Charlottenburg-Wilmersdorf,52.5078558,13.2639518,Das Bowling Studio,52.50972452908758,13.277372469135384,Bowling Alley
Charlottenburg-Wilmersdorf,52.5078558,13.2639518,Orchidee,52.513589832417374,13.264944364095593,Thai Restaurant
Charlottenburg-Wilmersdorf,52.5078558,13.2639518,Rossmann,52.51527688160554,13.262164141438525,Drugstore
Charlottenburg-Wilmersdorf,52.5078558,13.2639518,Osteria I Due,52.50970734729362,13.273932552850338,Trattoria
Charlottenburg-Wilmersdorf,52.5078558,13.2639518,JOES Restaurant & Wirtshaus,52.50992684172558,13.271121149369923,German Restaurant
Charlottenburg-Wilmersdorf,52.5078558,13.2639518,Tutti Gusti,52.508859768234736,13.268342825096253,Italian Restaurant
Charlottenburg-Wilmersdorf,52.5078558,13.2639518,Shell,52.50992776448705,13.277319823430844,Fuel Station
Charlottenburg-Wilmersdorf,52.5078558,13.2639518,Sakura,52.50985846519568,13.278296093156117,Japanese Restaurant
Charlottenburg-Wilmersdorf,52.5078558,13.2639518,Aral,52.51352022,13.26612799,Fuel Station
Charlottenburg-Wilmersdorf,52.5078558,13.2639518,Theodor-Heuss-Platz,52.50950865077948,13.272407054901123,Plaza
Charlottenburg-Wilmersdorf,52.5078558,13.2639518,Il Passetto,52.50822224384133,13.258438110351562,Italian Restaurant
Charlottenburg-Wilmersdorf,52.5078558,13.2639518,Concorde Hotel am Studio,52.50973939521469,13.277284005349946,Hotel
Charlottenburg-Wilmersdorf,52.5078558,13.2639518,H Hessenallee,52.51373790510682,13.263158074283185,Bus Stop
Charlottenburg-Wilmersdorf,52.5078558,13.2639518,Pizzeria,52.502207931746,13.269689606811367,Pizzeria
Charlottenburg-Wilmersdorf,52.5078558,13.2639518,Wally-Wittmann-Sportanlage,52.49982180098576,13.263211975326609,Soccer Stadium
Charlottenburg-Wilmersdorf,52.5078558,13.2639518,Udos HOCKEYBAUDE,52.49983572294144,13.261733279069713,Café
Charlottenburg-Wilmersdorf,52.5078558,13.2639518,Lunchbox,52.505728,13.276977,Bistro
Charlottenburg-Wilmersdorf,52.5078558,13.2639518,Tennishalle SCC e.V,52.49954729497072,13.262171205568896,Tennis Stadium
Charlottenburg-Wilmersdorf,52.5078558,13.2639518,Georg Kolbe Hain,52.50965883796739,13.250429034233093,Park
Charlottenburg-Wilmersdorf,52.5078558,13.2639518,Steubenplatz,52.51620646150641,13.260896236744173,Plaza
Charlottenburg-Wilmersdorf,52.5078558,13.2639518,Westend-Grill,52.5161810901244,13.260636889970852,Burger Joint
Charlottenburg-Wilmersdorf,52.5078558,13.2639518,Butter Lindner,52.51619348836823,13.260541009231464,Gourmet Store
Charlottenburg-Wilmersdorf,52.5078558,13.2639518,Ital. Eis Gloria,52.5162587700766,13.260991698685274,Ice Cream Parlor
Charlottenburg-Wilmersdorf,52.5078558,13.2639518,H U Neu-Westend,52.51627309503223,13.260347843170166,Bus Stop
Charlottenburg-Wilmersdorf,52.5078558,13.2639518,Il Cardinale,52.516325,13.259847,Italian Restaurant
Friedrichshain-Kreuzberg,52.5011154,13.4442848,Maison Umami,52.500316,13.442874,Vietnamese Restaurant
Friedrichshain-Kreuzberg,52.5011154,13.4442848,Burgermeister,52.501108,13.442131,Burger Joint
Friedrichshain-Kreuzberg,52.5011154,13.4442848,Gudé,52.501493,13.441547,Falafel Restaurant
Friedrichshain-Kreuzberg,52.5011154,13.4442848,Oberbaumbrücke,52.50177658227869,13.445709943771362,Bridge
Friedrichshain-Kreuzberg,52.5011154,13.4442848,Salut Backwaren,52.50073398391967,13.441798105423857,Bakery
Friedrichshain-Kreuzberg,52.5011154,13.4442848,19grams,52.499876955279184,13.444415062923092,Coffee Shop
Friedrichshain-Kreuzberg,52.5011154,13.4442848,East Side Gallery,52.503415842163285,13.44397187232971,Monument
Friedrichshain-Kreuzberg,52.5011154,13.4442848,Aldemir Eis & Café,52.49924884555856,13.443101845117674,Ice Cream Parlor
Friedrichshain-Kreuzberg,52.5011154,13.4442848,May-Ayim-Ufer,52.50207451115226,13.443016898672473,Scenic Lookout
Friedrichshain-Kreuzberg,52.5011154,13.4442848,Duo Sicilian Ice Cream,52.500581059463194,13.438824605836999,Ice Cream Parlor
Friedrichshain-Kreuzberg,52.5011154,13.4442848,new deli yoga. Berlin,52.498840309023876,13.44263984323415,Vegan and Vegetarian Restaurant
Friedrichshain-Kreuzberg,52.5011154,13.4442848,Spreeufer,52.500261355433885,13.447136878967283,Waterfront
Friedrichshain-Kreuzberg,52.5011154,13.4442848,"NOER Wine Shop, Wine Bar & Wine Seminars",52.49875094873738,13.442509196924322,Wine Store
Friedrichshain-Kreuzberg,52.5011154,13.4442848,Oberbaumeck,52.50117435145742,13.441926854440718,Pub
Friedrichshain-Kreuzberg,52.5011154,13.4442848,Berliner Mauerweg | Berlin Wall Trail (Berliner Mauerweg),52.50427988600668,13.44182694711085,Hiking Trail
Friedrichshain-Kreuzberg,52.5011154,13.4442848,Hopfenreich,52.499639642377716,13.43929160699031,Beer Bar
Friedrichshain-Kreuzberg,52.5011154,13.4442848,Space Meduza,52.500682619862616,13.439240455627441,Dive Bar
Friedrichshain-Kreuzberg,52.5011154,13.4442848,Motto Berlin,52.50021738363966,13.439725276326694,Bookstore
Friedrichshain-Kreuzberg,52.5011154,13.4442848,Sumak Teehaus,52.49919280814795,13.440190826698386,Tea Room
Friedrichshain-Kreuzberg,52.5011154,13.4442848,ZOLA,52.503981,13.441975,Pizzeria
Friedrichshain-Kreuzberg,52.5011154,13.4442848,Bäckerei ZAZZA,52.499992388442344,13.444103422114317,Bakery
Friedrichshain-Kreuzberg,52.5011154,13.4442848,Mindpirates Projektraum,52.500731603836535,13.44520568847656,Art Gallery
Friedrichshain-Kreuzberg,52.5011154,13.4442848,FluxBau,52.50293582617556,13.441144824028015,Performing Arts Venue
Friedrichshain-Kreuzberg,52.5011154,13.4442848,Yo! Pho,52.499435,13.4434706,Restaurant
Friedrichshain-Kreuzberg,52.5011154,13.4442848,Michelberger Hotel,52.50475120070394,13.447503218683359,Hotel
Friedrichshain-Kreuzberg,52.5011154,13.4442848,Scheers Schnitzel,52.50285974165979,13.447042431894928,Schnitzel Restaurant
Friedrichshain-Kreuzberg,52.5011154,13.4442848,Transit,52.49950638218861,13.445066386330204,Portuguese Restaurant
Friedrichshain-Kreuzberg,52.5011154,13.4442848,Kirk Bar,52.500716030070734,13.440614842930527,Bar
Friedrichshain-Kreuzberg,52.5011154,13.4442848,Baretto,52.49985010430558,13.438835664396496,Café
Friedrichshain-Kreuzberg,52.5011154,13.4442848,California Pops,52.49970104121176,13.443561742687939,Ice Cream Parlor
Friedrichshain-Kreuzberg,52.5011154,13.4442848,Kumru Kuruyemis,52.499318403575785,13.440096121694314,Gourmet Store
Friedrichshain-Kreuzberg,52.5011154,13.4442848,Zàgara,52.501944,13.440699,Ice Cream Parlor
Friedrichshain-Kreuzberg,52.5011154,13.4442848,Good Morning Monday,52.497477,13.44103,Café
Friedrichshain-Kreuzberg,52.5011154,13.4442848,Salumeria Lamuri,52.5029619496295,13.43800663948059,Italian Restaurant
Friedrichshain-Kreuzberg,52.5011154,13.4442848,UCI Luxe Kino,52.50527707908021,13.442169427871704,Movie Theater
Friedrichshain-Kreuzberg,52.5011154,13.4442848,Michelberger Bar,52.50461418701797,13.447877664714321,Hotel Bar
Friedrichshain-Kreuzberg,52.5011154,13.4442848,PLUS Berlin Hostel and Hotel,52.503556779035044,13.448584278378684,Hostel
Friedrichshain-Kreuzberg,52.5011154,13.4442848,Watergate Club,52.501045099977254,13.44525396823883,Night Club
Friedrichshain-Kreuzberg,52.5011154,13.4442848,Hotel Indigo Berlin City East Side Gallery,52.504656380874216,13.441600874345658,Hotel
Friedrichshain-Kreuzberg,52.5011154,13.4442848,Geschmackssache,52.49731351115693,13.44625094174622,Café
Friedrichshain-Kreuzberg,52.5011154,13.4442848,Mysliwska,52.499398429078006,13.445149117443302,Bar
Friedrichshain-Kreuzberg,52.5011154,13.4442848,Cafe Frida,52.49846927387301,13.446945186439269,Café
Friedrichshain-Kreuzberg,52.5011154,13.4442848,Kvartira Nr. 62,52.49990607474777,13.437773963752973,Bar
Friedrichshain-Kreuzberg,52.5011154,13.4442848,Soya Vegan Vietnamese Kitchen,52.498603,13.442443,Vietnamese Restaurant
Friedrichshain-Kreuzberg,52.5011154,13.4442848,Maria,52.49852,13.442741,Vegan and Vegetarian Restaurant
Friedrichshain-Kreuzberg,52.5011154,13.4442848,eurogida,52.49887325307828,13.441245884043305,Grocery Store
Friedrichshain-Kreuzberg,52.5011154,13.4442848,Il Pizzaiolo,52.498624,13.447172,Pizzeria
Friedrichshain-Kreuzberg,52.5011154,13.4442848,Bantabaa FoodDealer,52.497377,13.44099,Café
Friedrichshain-Kreuzberg,52.5011154,13.4442848,Monster Ronson's Ichiban Karaoke,52.50515331539783,13.448398407889163,Karaoke Bar
Friedrichshain-Kreuzberg,52.5011154,13.4442848,Hampton by Hilton Berlin City East Side Gallery,52.50496361311817,13.441321849822998,Hotel
Friedrichshain-Kreuzberg,52.5011154,13.4442848,Café Mugrabi,52.49770362044022,13.43741654590141,Breakfast Spot
Friedrichshain-Kreuzberg,52.5011154,13.4442848,Schwiliko,52.49856303217322,13.446707573070794,Caucasian Restaurant
Friedrichshain-Kreuzberg,52.5011154,13.4442848,Michelberger Restaurant,52.50472198158007,13.44799518585205,Modern European Restaurant
Friedrichshain-Kreuzberg,52.5011154,13.4442848,Lido,52.499130040042914,13.445073127134188,Rock Club
Friedrichshain-Kreuzberg,52.5011154,13.4442848,ebertundweber,52.49981214317635,13.443637428149668,Bookstore
Friedrichshain-Kreuzberg,52.5011154,13.4442848,Holiday Inn Berlin - City East Side,52.504837236315986,13.444669246673582,Hotel
Friedrichshain-Kreuzberg,52.5011154,13.4442848,East Side Park,52.5038795553034,13.442115629615287,Park
Friedrichshain-Kreuzberg,52.5011154,13.4442848,Club der Visionäre,52.49691717453016,13.450495108305551,Lounge
Friedrichshain-Kreuzberg,52.5011154,13.4442848,Beumer & Lutum,52.49705516478415,13.443289836832202,Bakery
Friedrichshain-Kreuzberg,52.5011154,13.4442848,Hotel nhow Berlin,52.501169191582065,13.450806140899658,Hotel
Friedrichshain-Kreuzberg,52.5011154,13.4442848,Soup GUERILLA,52.498733409967784,13.446625636223823,Soup Spot
Friedrichshain-Kreuzberg,52.5011154,13.4442848,Industriepalast Hostel Berlin,52.503908038464864,13.44755729282378,Hostel
Friedrichshain-Kreuzberg,52.5011154,13.4442848,Ratibortheater,52.49764924457589,13.442847309116868,Indie Theater
Friedrichshain-Kreuzberg,52.5011154,13.4442848,Mercedes-Benz Arena,52.506517859909735,13.44375729560852,Concert Hall
Friedrichshain-Kreuzberg,52.5011154,13.4442848,Nest,52.49712052755012,13.439009234381851,Café
Friedrichshain-Kreuzberg,52.5011154,13.4442848,Restaurant Richard,52.50431281903661,13.435404582066509,French Restaurant
Friedrichshain-Kreuzberg,52.5011154,13.4442848,Birgit & Bier,52.49770030930237,13.450186368688572,Beer Garden
Friedrichshain-Kreuzberg,52.5011154,13.4442848,Gallery Rooftop Bar,52.50449,13.44214,Hotel Bar
Friedrichshain-Kreuzberg,52.5011154,13.4442848,Taquería Ta'Cabrón,52.50009273262563,13.437117416991475,Mexican Restaurant
Friedrichshain-Kreuzberg,52.5011154,13.4442848,Görlitzer Ufer,52.494274,13.444051,Waterfront
Friedrichshain-Kreuzberg,52.5011154,13.4442848,Ipse,52.49758998781626,13.451117277145386,Night Club
Friedrichshain-Kreuzberg,52.5011154,13.4442848,Han West,52.498574,13.434596,Chinese Restaurant
Friedrichshain-Kreuzberg,52.5011154,13.4442848,Oberschleuse,52.49793773027959,13.449276438628608,Canal Lock
Friedrichshain-Kreuzberg,52.5011154,13.4442848,Markthalle Neun,52.502144327910116,13.431606978315234,Food Court
Friedrichshain-Kreuzberg,52.5011154,13.4442848,Jolesch,52.5007774,13.434039100000064,Austrian Restaurant
Friedrichshain-Kreuzberg,52.5011154,13.4442848,Rosa Canina,52.50214320176283,13.43181912685543,Ice Cream Parlor
Friedrichshain-Kreuzberg,52.5011154,13.4442848,Mariona,52.49956140872608,13.432568694630026,Spanish Restaurant
Friedrichshain-Kreuzberg,52.5011154,13.4442848,Festsaal Kreuzberg,52.49674739565541,13.451739549636839,Rock Club
Friedrichshain-Kreuzberg,52.5011154,13.4442848,Bis auf's Messer,52.50809164204684,13.449486494064331,Record Store
Friedrichshain-Kreuzberg,52.5011154,13.4442848,Big Stuff Smoked BBQ,52.502122392297785,13.431800746997471,BBQ Joint
Friedrichshain-Kreuzberg,52.5011154,13.4442848,The Boat Kaffee,52.498008,13.441863,Coffee Shop
Friedrichshain-Kreuzberg,52.5011154,13.4442848,Secret Garden,52.507793,13.449994,Vegan and Vegetarian Restaurant
Friedrichshain-Kreuzberg,52.5011154,13.4442848,Mani in Pasta,52.502166846709024,13.431716511155079,Trattoria
Friedrichshain-Kreuzberg,52.5011154,13.4442848,Facciola,52.49572843103693,13.433771348040839,Wine Bar
Friedrichshain-Kreuzberg,52.5011154,13.4442848,Zur Glühlampe,52.50393299856658,13.45360398672794,Bar
Friedrichshain-Kreuzberg,52.5011154,13.4442848,Lerchen und Eulen,52.50212333819094,13.430743217468262,Bar
Friedrichshain-Kreuzberg,52.5011154,13.4442848,Our/Berlin,52.49654186459513,13.452159809036988,Distillery
Friedrichshain-Kreuzberg,52.5011154,13.4442848,Gin Chilla Bar,52.507896,13.450152,Cocktail Bar
Friedrichshain-Kreuzberg,52.5011154,13.4442848,Kaffee 9,52.50194876234582,13.431997040702443,Coffee Shop
Friedrichshain-Kreuzberg,52.5011154,13.4442848,Alte Milch,52.50202476100858,13.431494235992432,Cheese Store
Friedrichshain-Kreuzberg,52.5011154,13.4442848,RuDi Nachbarschaftshaus,52.502439281647334,13.456919122681438,Community Center
Friedrichshain-Kreuzberg,52.5011154,13.4442848,Heidenpeters,52.502048793920636,13.43130168201405,Brewery
Friedrichshain-Kreuzberg,52.5011154,13.4442848,Annelies,52.49844722656305,13.434811065509907,Coffee Shop
Friedrichshain-Kreuzberg,52.5011154,13.4442848,noisy Rooms,52.506779072463445,13.453284502029419,Performing Arts Venue
Friedrichshain-Kreuzberg,52.5011154,13.4442848,Hühnerhaus 36,52.499852,13.432076,Fried Chicken Joint
Friedrichshain-Kreuzberg,52.5011154,13.4442848,Mano Cafe,52.498932223374595,13.430609107017517,Café
Friedrichshain-Kreuzberg,52.5011154,13.4442848,RAW Gelände,52.507388,13.453417,Arts and Entertainment
Friedrichshain-Kreuzberg,52.5011154,13.4442848,Bone Berlin,52.50212925689672,13.431655168533325,German Restaurant
Friedrichshain-Kreuzberg,52.5011154,13.4442848,Privatclub,52.49998155914356,13.434916640412633,Night Club
Friedrichshain-Kreuzberg,52.5011154,13.4442848,REWE,52.506080172703925,13.44661188589646,Supermarket
Lichtenberg,52.5321606,13.5118927,IKEA Hotdog Stand,52.53371596079857,13.51350105970621,Hot Dog Joint
Lichtenberg,52.5321606,13.5118927,Möbel Höffner,52.53377829359812,13.506196433019262,Furniture and Home Store
Lichtenberg,52.5321606,13.5118927,IKEA,52.534204207194385,13.513304430032347,Furniture and Home Store
Lichtenberg,52.5321606,13.5118927,Globus Baumarkt,52.53327068,13.50947224,Hardware Store
Lichtenberg,52.5321606,13.5118927,Mr. Wash,52.53101284164397,13.520050048828125,Car Wash and Detail
Lichtenberg,52.5321606,13.5118927,Louis MEGAShop,52.52719799308137,13.500088721838953,Motorcycle Dealership
Lichtenberg,52.5321606,13.5118927,Comfort Hotel,52.53338679903258,13.517570541087139,Hotel
Lichtenberg,52.5321606,13.5118927,SELGROS Cash & Carry,52.531417,13.513783,Big Box Store
Lichtenberg,52.5321606,13.5118927,Glashauscafé,52.534614,13.514659,Café
Lichtenberg,52.5321606,13.5118927,H Schalkauer Straße,52.53522636812516,13.510214515658665,Tram Station
Lichtenberg,52.5321606,13.5118927,TOTAL Tankstelle,52.53670374951285,13.515586853027344,Fuel Station
Lichtenberg,52.5321606,13.5118927,TOTAL Tankstelle,52.53532999999999,13.52264,Fuel Station
Lichtenberg,52.5321606,13.5118927,H Evangelisches Krankenhaus KEH,52.524136002660015,13.51259231297131,Tram Station
Lichtenberg,52.5321606,13.5118927,H Dingelstädter Straße,52.536638490988466,13.524556159973145,Tram Station
Marzahn-Hellersdorf,52.5225225,13.5876634,Rossmann,52.52289923653978,13.586399892177843,Drugstore
Marzahn-Hellersdorf,52.5225225,13.5876634,EDEKA Friedrich,52.5233383,13.5861748,Supermarket
Marzahn-Hellersdorf,52.5225225,13.5876634,REWE,52.5215908,13.5893503,Supermarket
Marzahn-Hellersdorf,52.5225225,13.5876634,"Gasthof ""Zum Oberfeld""",52.51563403150522,13.59340705620823,German Restaurant
Marzahn-Hellersdorf,52.5225225,13.5876634,dm-drogerie markt,52.5298272811253,13.594931361131103,Drugstore
Marzahn-Hellersdorf,52.5225225,13.5876634,Lidl,52.5279945,13.5883892,Supermarket
Marzahn-Hellersdorf,52.5225225,13.5876634,REWE,52.529414,13.594044,Supermarket
Marzahn-Hellersdorf,52.5225225,13.5876634,Spree Center,52.521890408813476,13.5868451548408,Shopping Mall
Marzahn-Hellersdorf,52.5225225,13.5876634,Netto Marken-Discount,52.5229563,13.5880502,Supermarket
Marzahn-Hellersdorf,52.5225225,13.5876634,H U Kaulsdorf-Nord,52.52100950149176,13.588366368833952,Bus Stop
Marzahn-Hellersdorf,52.5225225,13.5876634,U Kaulsdorf-Nord,52.52173731891432,13.59186854262555,Metro Station
Marzahn-Hellersdorf,52.5225225,13.5876634,Bowlingcenter Hellersdorf,52.52760761846622,13.587902166406378,Bowling Alley
Marzahn-Hellersdorf,52.5225225,13.5876634,NORMA,52.51912155439945,13.597088084861491,Supermarket
Marzahn-Hellersdorf,52.5225225,13.5876634,U Kienberg (Gärten der Welt),52.52908090646438,13.590787084553762,Metro Station
Marzahn-Hellersdorf,52.5225225,13.5876634,Wuhletal,52.522743834637104,13.575466364432794,Other Great Outdoors
Marzahn-Hellersdorf,52.5225225,13.5876634,Zoo & Co.,52.51493526445779,13.58502490820698,Pet Supplies Store
Marzahn-Hellersdorf,52.5225225,13.5876634,Wuhleteich,52.529916082333656,13.582955359888729,Lake
Marzahn-Hellersdorf,52.5225225,13.5876634,Bester Döner,52.529974574244044,13.59577383640507,Doner Restaurant
Mitte,52.5178855,13.4040601,Berliner Dom,52.51913265308326,13.401045799255371,Church
Mitte,52.5178855,13.4040601,Kuppelumgang Berliner Dom,52.51896599010725,13.400980681715229,Scenic Lookout
Mitte,52.5178855,13.4040601,Lustgarten,52.518469490131785,13.399454063404399,Garden
Mitte,52.5178855,13.4040601,Designpanoptikum - surreales Museum für industrielle Objekte,52.51691292098668,13.406007885932922,Museum
Mitte,52.5178855,13.4040601,Nikolaikirchplatz,52.51670039311001,13.406839179328845,Plaza
Mitte,52.5178855,13.4040601,Humboldt Forum,52.51722,13.401791,Museum
Mitte,52.5178855,13.4040601,Bronzestatue „Heiliger St. Georg im Kampf mit dem Drachen“,52.51629022223086,13.405557792008159,Outdoor Sculpture
Mitte,52.5178855,13.4040601,Neptunbrunnen,52.51958311443767,13.406860828399658,Fountain
Mitte,52.5178855,13.4040601,Tigertörtchen,52.51714999915386,13.407926093359984,Cupcake Shop
Mitte,52.5178855,13.4040601,Buchhandlung Walther König,52.52130069676686,13.40075831891714,Bookstore
Mitte,52.5178855,13.4040601,Museumsinsel,52.52029572914336,13.398785634143882,Island
Mitte,52.5178855,13.4040601,Block House,52.520529721073345,13.405154943466187,Steakhouse
Mitte,52.5178855,13.4040601,Marienkirche,52.52049825053222,13.40729634418895,Church
Mitte,52.5178855,13.4040601,DDR Museum,52.51940384308041,13.40223855826597,History Museum
Mitte,52.5178855,13.4040601,Waffel oder Becher,52.521006850678695,13.403814748185349,Ice Cream Parlor
Mitte,52.5178855,13.4040601,Altes Museum,52.51953741567019,13.398803472518921,History Museum
Mitte,52.5178855,13.4040601,Nikolaiviertel,52.51678234501796,13.406453132629395,Neighborhood
Mitte,52.5178855,13.4040601,LUSH,52.51984357496295,13.410409304434047,Cosmetics Store
Mitte,52.5178855,13.4040601,The Greens,52.515294,13.408952,Café
Mitte,52.5178855,13.4040601,Museum Ephraim-Palais,52.515856,13.407191,Museum
Mitte,52.5178855,13.4040601,Balthazar,52.515913,13.40616,Restaurant
Mitte,52.5178855,13.4040601,Alte Nationalgalerie,52.520796016677,13.398673088379343,Art Museum
Mitte,52.5178855,13.4040601,Neues Museum,52.5201576091737,13.39783787727356,History Museum
Mitte,52.5178855,13.4040601,Deutsches Historisches Museum,52.51798362929277,13.396947383880613,History Museum
Mitte,52.5178855,13.4040601,Ischtar-Tor,52.520741776446705,13.397204678584995,Exhibit
Mitte,52.5178855,13.4040601,Titus,52.52094968439927,13.405920731515282,Board Store
Mitte,52.5178855,13.4040601,Julchen Hoppe,52.517396793480906,13.404751382677345,German Restaurant
Mitte,52.5178855,13.4040601,Adina Apartment Hotel Berlin Hackescher Markt,52.52229341049498,13.404273310410682,Hotel
Mitte,52.5178855,13.4040601,James-Simon-Park,52.52190716050168,13.399361371994019,Park
Mitte,52.5178855,13.4040601,James Simon Galerie,52.519736335537694,13.397366236749804,Art Gallery
Mitte,52.5178855,13.4040601,Berliner Schloss,52.51727261496864,13.401721715927124,Monument
Mitte,52.5178855,13.4040601,Schinkel Pavillion,52.51616321966491,13.396857047689211,Art Gallery
Mitte,52.5178855,13.4040601,Pierre Boulez Saal,52.51533292570581,13.396217823028564,Concert Hall
Mitte,52.5178855,13.4040601,Rotes Rathaus,52.518351233530566,13.408007931538883,City Hall
Mitte,52.5178855,13.4040601,Maxim Gorki Theater,52.51894077519612,13.39524493467083,Theater
Mitte,52.5178855,13.4040601,19grams,52.52273621459739,13.407343626022339,Coffee Shop
Mitte,52.5178855,13.4040601,Bonne Vie Café,52.51728735859492,13.407735366427183,Café
Mitte,52.5178855,13.4040601,Decathlon,52.5196293,13.4107977,Sporting Goods Retail
Mitte,52.5178855,13.4040601,EL COLMADO,52.519412,13.409681,Spanish Restaurant
Mitte,52.5178855,13.4040601,Neue Wache,52.51793792886158,13.395509719848631,Monument
Mitte,52.5178855,13.4040601,Ruine der Franziskaner-Klosterkirche,52.51840798816964,13.412450551986694,Historic and Protected Site
Mitte,52.5178855,13.4040601,Museum für Islamische Kunst,52.520708902848284,13.396697345529542,Art Museum
Mitte,52.5178855,13.4040601,Motel One Berlin-Alexanderplatz,52.519390187716915,13.412157520940962,Hotel
Mitte,52.5178855,13.4040601,Pergamonmuseum,52.520843,13.396395,History Museum
Mitte,52.5178855,13.4040601,Schleuse Mühlendamm,52.514742143761794,13.40992344233062,Canal Lock
Mitte,52.5178855,13.4040601,Café Neundrei,52.52299702982836,13.399751875666775,Café
Mitte,52.5178855,13.4040601,Staatsoper Unter den Linden,52.517023910254956,13.394651412963867,Opera House
Mitte,52.5178855,13.4040601,Zur Gerichtslaube,52.51711820108978,13.406094083366526,German Restaurant
Mitte,52.5178855,13.4040601,Capri by Fraser Berlin,52.513971925223146,13.404901686415545,Hotel
Mitte,52.5178855,13.4040601,Holiday Inn Express,52.5157029,13.4119376,Hotel
Mitte,52.5178855,13.4040601,Gorki Studio Я,52.519065039408694,13.396361653591418,Theater
Mitte,52.5178855,13.4040601,TheCoven Bar,52.522664,13.400289,Gay Bar
Mitte,52.5178855,13.4040601,Die Hackeschen Höfe,52.52409392075061,13.402157365180152,Monument
Mitte,52.5178855,13.4040601,Hotel ZOE,52.5230950484122,13.400966433702536,Hotel
Mitte,52.5178855,13.4040601,dean&david,52.52068312833944,13.405486059782808,Salad Restaurant
Mitte,52.5178855,13.4040601,Hotel de Rome,52.516024880809326,13.393938200455462,Hotel
Mitte,52.5178855,13.4040601,MUJI,52.52343466352461,13.40274476329252,Department Store
Mitte,52.5178855,13.4040601,Bebelplatz,52.51653012045096,13.393846660247611,Plaza
Mitte,52.5178855,13.4040601,Kronprinzenpalais,52.517263889203385,13.396679783914463,Monument
Mitte,52.5178855,13.4040601,ARCOTEL John F Berlin,52.515108331081294,13.397984175288698,Hotel
Mitte,52.5178855,13.4040601,Haus Schwarzenberg,52.52445628873791,13.40207576751709,Cultural Center
Mitte,52.5178855,13.4040601,Titanic Gendarmenmarkt,52.515185563305494,13.394676208772314,Hotel
Mitte,52.5178855,13.4040601,Father Carpenter,52.52446934407154,13.406614065170288,Coffee Shop
Mitte,52.5178855,13.4040601,Pergamonmuseum. Das Panorama,52.52086918882907,13.393857479095459,Exhibit
Mitte,52.5178855,13.4040601,Fun Factory Berlin,52.523552260750606,13.401415188382876,Adult Store
Mitte,52.5178855,13.4040601,Curry 61,52.52363731185383,13.400619701670522,Currywurst Joint
Mitte,52.5178855,13.4040601,monbijou hotel,52.5229777470994,13.40003192424774,Hotel
Mitte,52.5178855,13.4040601,Living Hotel Großer Kurfürst,52.51229410429268,13.408889025340613,Hotel
Mitte,52.5178855,13.4040601,Lebensmittel in Mitte,52.52415016934014,13.407659595853865,German Restaurant
Mitte,52.5178855,13.4040601,Kaufland,52.522459,13.407434,Big Box Store
Mitte,52.5178855,13.4040601,Dachterrasse | Hotel de Rome,52.51579461318027,13.394086388299044,Roof Deck
Mitte,52.5178855,13.4040601,BIO COMPANY,52.52302495100017,13.403617698870725,Organic Grocery
Mitte,52.5178855,13.4040601,Rotisserie Weingrün,52.51262982683484,13.402928709983826,Restaurant
Mitte,52.5178855,13.4040601,UNIQLO,52.52363705879041,13.402681946754456,Clothing Store
Mitte,52.5178855,13.4040601,Neurotitan,52.524487579714304,13.401809464072441,Art Gallery
Mitte,52.5178855,13.4040601,Monbijoupark,52.523167055429376,13.396518230438232,Park
Mitte,52.5178855,13.4040601,& Other Stories,52.52470468888106,13.404871653596311,Women's Store
Mitte,52.5178855,13.4040601,CANAL,52.524177230053276,13.402097225189209,Ice Cream Parlor
Mitte,52.5178855,13.4040601,MA'LOA Poké Bowl,52.52365268563865,13.400398860752764,Poke Restaurant
Mitte,52.5178855,13.4040601,Eden Restaurant,52.52204609875019,13.404751386925534,Vietnamese Restaurant
Mitte,52.5178855,13.4040601,BEN RAHIM,52.52516811272114,13.40192843798598,Coffee Shop
Mitte,52.5178855,13.4040601,Zur Letzten Instanz,52.51744940317073,13.41348584012208,German Restaurant
Mitte,52.5178855,13.4040601,LUMAS,52.52442909415196,13.401509733919289,Art Gallery
Mitte,52.5178855,13.4040601,Eschschloraque Rümschrümp,52.524519135794925,13.401835512385563,Speakeasy
Mitte,52.5178855,13.4040601,Barrio Weine Berlin,52.52353112944333,13.405946320013436,Wine Store
Mitte,52.5178855,13.4040601,CHAMÄLEON Theater,52.5242033345932,13.401948962343829,Performing Arts Venue
Mitte,52.5178855,13.4040601,Kathedrale St. Hedwig,52.515840408600276,13.394501396904237,Church
Mitte,52.5178855,13.4040601,Living Hotel Berlin Mitte,52.51209441071101,13.408289104700089,Hotel
Mitte,52.5178855,13.4040601,Funk Optik & Style,52.523430680864266,13.400286598893254,Eyecare Store
Mitte,52.5178855,13.4040601,frederics,52.52381812959011,13.399768630646976,Hotel
Mitte,52.5178855,13.4040601,Hackesche Höfe Kino,52.52414801456576,13.402078407721529,Indie Movie Theater
Mitte,52.5178855,13.4040601,PalaisPopulaire,52.517124,13.396176,Art Gallery
Mitte,52.5178855,13.4040601,Coffee Fellows,52.520379,13.411025,Coffee Shop
Mitte,52.5178855,13.4040601,Märchenhütte Jacob,52.52301014591696,13.395116694524507,Indie Theater
Mitte,52.5178855,13.4040601,Kino Central,52.52447887106346,13.40192978431636,Indie Movie Theater
Mitte,52.5178855,13.4040601,Butter Lindner,52.524774375054115,13.4032491694508,Gourmet Store
Mitte,52.5178855,13.4040601,Novotel Berlin Mitte,52.51304532228519,13.405133274095647,Hotel
Mitte,52.5178855,13.4040601,Asia Markt Lee,52.51917190642811,13.414926600945783,Imported Food Store
Mitte,52.5178855,13.4040601,Reiterstandbild Friedrich der Große,52.517370062301744,13.392854268546179,Outdoor Sculpture
Mitte,52.5178855,13.4040601,Billardsalon Köh,52.525166778833274,13.401815593242645,Pool Hall
Neukölln,52.4811497,13.4353501,SchwuZ,52.47934909744908,13.433715105056763,Gay Bar
Neukölln,52.4811497,13.4353501,Klunkerkranich,52.48209623936856,13.431419613103948,Beer Garden
Neukölln,52.4811497,13.4353501,KINDL Zentrum für zeitgenössische Kunst,52.479361,13.430944,Art Gallery
Neukölln,52.4811497,13.4353501,Prachtwerk,52.47907980698503,13.438402686454733,Café
Neukölln,52.4811497,13.4353501,Konditorei Damaskus,52.48256133724326,13.438805937767029,Pastry Shop
Neukölln,52.4811497,13.4353501,Babbo Bar,52.481695588044566,13.436558246612549,Italian Restaurant
Neukölln,52.4811497,13.4353501,Velvet,52.47907882608319,13.438421123549753,Cocktail Bar
Neukölln,52.4811497,13.4353501,Rixbox,52.479005733519294,13.43779279156502,Coffee Shop
Neukölln,52.4811497,13.4353501,Öz-Samsun,52.48125849188253,13.437931412568814,Middle Eastern Restaurant
Neukölln,52.4811497,13.4353501,La Bolognina,52.48241216588175,13.435651487321257,Italian Restaurant
Neukölln,52.4811497,13.4353501,Wilke,52.48067953612267,13.431440591812134,Breakfast Spot
Neukölln,52.4811497,13.4353501,Tisk,52.48018620341506,13.432363271713257,Gastropub
Neukölln,52.4811497,13.4353501,Kindl-Stuben,52.482588017044954,13.438291572332927,German Restaurant
Neukölln,52.4811497,13.4353501,Le Brot,52.48344671055487,13.43536830180993,Bakery
Neukölln,52.4811497,13.4353501,Weserkrug,52.483508741370706,13.440356254577635,Bar
Neukölln,52.4811497,13.4353501,Tabibito,52.482965,13.431507,Sushi Restaurant
Neukölln,52.4811497,13.4353501,Alaska,52.482858628321324,13.42880129814148,Vegan and Vegetarian Restaurant
Neukölln,52.4811497,13.4353501,Crazy Bastard Sauce,52.48356705853624,13.44064934198851,Bistro
Neukölln,52.4811497,13.4353501,Tennis,52.48092722634575,13.429441063967715,Café
Neukölln,52.4811497,13.4353501,TiER,52.48495340000144,13.437549744594374,Cocktail Bar
Neukölln,52.4811497,13.4353501,Stella Takeaway + Casual Catering,52.48342466528559,13.441073674952667,Food and Beverage Retail
Neukölln,52.4811497,13.4353501,Pêle-Mêle,52.479504589221584,13.441588028737131,Vegan and Vegetarian Restaurant
Neukölln,52.4811497,13.4353501,Passage Kino,52.477532904422084,13.439125090358829,Indie Movie Theater
Neukölln,52.4811497,13.4353501,Jaja Naked Wine - Cave and Bar,52.484213,13.433147,Wine Bar
Neukölln,52.4811497,13.4353501,Companion Tea & Coffee,52.48331723887731,13.441134981212718,Coffee Shop
Neukölln,52.4811497,13.4353501,Donau 115,52.483507,13.433543,Jazz and Blues Venue
Neukölln,52.4811497,13.4353501,Peppis Käse Lager,52.484166410417856,13.432802886198603,Cheese Store
Neukölln,52.4811497,13.4353501,Nudelbude,52.484264420812124,13.432944575923711,Italian Restaurant
Neukölln,52.4811497,13.4353501,Azzam,52.484956,13.432942,Middle Eastern Restaurant
Neukölln,52.4811497,13.4353501,Sahara Imbiss,52.483254414816805,13.442168028778424,African Restaurant
Neukölln,52.4811497,13.4353501,Sameheads,52.47801357422616,13.439512698331281,Bar
Neukölln,52.4811497,13.4353501,Paolo Pinkel,52.483169,13.431738,Bistro
Neukölln,52.4811497,13.4353501,Gözleme Restaurant,52.484194,13.429437,Turkish Restaurant
Neukölln,52.4811497,13.4353501,Motif Wein,52.48621551663885,13.435176736944603,Wine Store
Neukölln,52.4811497,13.4353501,Heimathafen Neukölln,52.47694577044968,13.439722525814265,Indie Theater
Neukölln,52.4811497,13.4353501,WOLF,52.48277368821834,13.441826105117798,Movie Theater
Neukölln,52.4811497,13.4353501,Laidak,52.480035853940564,13.428568627950837,Bar
Neukölln,52.4811497,13.4353501,Rollberg Kino,52.478724477299146,13.427944660847354,Indie Movie Theater
Neukölln,52.4811497,13.4353501,o.T. Projektraum,52.485877733981084,13.434954857569391,Bar
Neukölln,52.4811497,13.4353501,Muted Horn,52.48070840798713,13.426280544716859,Beer Bar
Neukölln,52.4811497,13.4353501,k-fetisch,52.483061135065896,13.441773605013086,Café
Neukölln,52.4811497,13.4353501,Astra Stube Neukőlln,52.48439917238615,13.43315843286534,Pub
Neukölln,52.4811497,13.4353501,"Trude, Ruth und Goldammer",52.48124713692099,13.427714972161672,Bar
Neukölln,52.4811497,13.4353501,Beuster Bar,52.48607509078735,13.43533254583918,Cocktail Bar
Neukölln,52.4811497,13.4353501,Al Pasha,52.48359892217908,13.436370938896145,Lebanese Restaurant
Neukölln,52.4811497,13.4353501,Let Them Eat Cake,52.48311277647355,13.441567622507979,Vintage and Thrift Store
Neukölln,52.4811497,13.4353501,eins44,52.485255362417014,13.439657817160553,German Restaurant
Neukölln,52.4811497,13.4353501,Holy Coffee,52.479833459184675,13.443649838260455,Coffee Shop
Neukölln,52.4811497,13.4353501,Knödelwirtschaft,52.486654,13.439442,Dumpling Restaurant
Neukölln,52.4811497,13.4353501,Mae Charoen,52.47970186394123,13.444004335520644,Thai Restaurant
Neukölln,52.4811497,13.4353501,On Egin,52.482567525159375,13.441260411196689,Tapas Restaurant
Neukölln,52.4811497,13.4353501,Café Botanico,52.47731595457574,13.441248048118089,Café
Neukölln,52.4811497,13.4353501,Piri's,52.480732,13.433252,Fast Food Restaurant
Neukölln,52.4811497,13.4353501,Ratzeputz,52.485278926100385,13.437143823953551,Bar
Neukölln,52.4811497,13.4353501,Deriva,52.48080956382029,13.427834764008608,Bar
Neukölln,52.4811497,13.4353501,Nathanja & Heinrich,52.48734695430943,13.436778927769645,Bar
Neukölln,52.4811497,13.4353501,Café Espera,52.48603163119862,13.430606561820138,Coffee Shop
Neukölln,52.4811497,13.4353501,Lidl,52.48171,13.4333699,Supermarket
Neukölln,52.4811497,13.4353501,VENUE Restaurant,52.483973,13.43931,Café
Neukölln,52.4811497,13.4353501,Dots,52.486378631227396,13.434567644415887,Coffee Shop
Neukölln,52.4811497,13.4353501,Al Andalos,52.48573516197659,13.431296437630069,Falafel Restaurant
Neukölln,52.4811497,13.4353501,Villa Neukölln,52.48199934233137,13.424973324739572,Lounge
Neukölln,52.4811497,13.4353501,Two Planets,52.48134928745419,13.424954415671472,Breakfast Spot
Neukölln,52.4811497,13.4353501,Sandmann,52.48210901195361,13.429190905488154,Bar
Neukölln,52.4811497,13.4353501,Ä Stube,52.48507939186846,13.437358129791011,Pub
Neukölln,52.4811497,13.4353501,Isla Coffee Berlin,52.48033594219699,13.425168639130929,Coffee Shop
Neukölln,52.4811497,13.4353501,Neues Off,52.483398611045594,13.424713921964203,Indie Movie Theater
Neukölln,52.4811497,13.4353501,Lavanderia Vecchia,52.48153543688484,13.426472740211535,Italian Restaurant
Neukölln,52.4811497,13.4353501,Du Beast,52.482412,13.445145,Bar
Neukölln,52.4811497,13.4353501,W Pizza,52.48691591181872,13.439900324151909,Pizzeria
Neukölln,52.4811497,13.4353501,Ä,52.485106735199366,13.437436604583509,Dive Bar
Neukölln,52.4811497,13.4353501,Greens Cafe,52.48478391730345,13.438043101258671,Café
Neukölln,52.4811497,13.4353501,Pecados,52.480198,13.443451,Latin American Restaurant
Neukölln,52.4811497,13.4353501,Boddinplatz,52.48063966348003,13.428910762787895,Plaza
Neukölln,52.4811497,13.4353501,Cafe Babette,52.479363,13.43121,Café
Neukölln,52.4811497,13.4353501,Örnek Lahmacun,52.478455,13.438209,Turkish Restaurant
Neukölln,52.4811497,13.4353501,Mendy & Edeltraut,52.48483386269403,13.43790357598979,Bar
Neukölln,52.4811497,13.4353501,Föllerei,52.48757148381002,13.437315756069628,German Restaurant
Neukölln,52.4811497,13.4353501,Croissanterie,52.48705720273476,13.43113812508318,Bakery
Neukölln,52.4811497,13.4353501,SAVVY Contemporary,52.47684168244228,13.44120383015267,Art Gallery
Neukölln,52.4811497,13.4353501,Lonely Hearts,52.480001,13.424917,Café
Neukölln,52.4811497,13.4353501,Berlin Burger International,52.486519,13.430731,Burger Joint
Neukölln,52.4811497,13.4353501,Am Kiehlufer,52.48592942958994,13.442909717559814,Waterfront
Neukölln,52.4811497,13.4353501,hom,52.483472,13.444547,Café
Neukölln,52.4811497,13.4353501,Hao Cai Lei Asien-Supermarkt,52.4853707768876,13.426801329139547,Grocery Store
Neukölln,52.4811497,13.4353501,Kaffeebar Jacobi,52.485631,13.425266,Coffee Shop
Neukölln,52.4811497,13.4353501,Kachellounge,52.48586717479125,13.435100181841298,Bar
Neukölln,52.4811497,13.4353501,Zimt & Mehl Manufaktur,52.48473361104862,13.44414627157973,Café
Neukölln,52.4811497,13.4353501,Vin Aqua Vin,52.48781118552866,13.430537516324165,Wine Store
Neukölln,52.4811497,13.4353501,Wax On,52.488196,13.429856,Cocktail Bar
Neukölln,52.4811497,13.4353501,Vater,52.48677036855618,13.428812221937408,Bar
Neukölln,52.4811497,13.4353501,Comedy Café Berlin,52.480254812930724,13.446879386901855,Comedy Club
Neukölln,52.4811497,13.4353501,Barettino,52.487862271811025,13.429088563777132,Coffee Shop
Neukölln,52.4811497,13.4353501,Sahara Imbiss,52.477422142877735,13.424589693727848,African Restaurant
Neukölln,52.4811497,13.4353501,Comenius-Garten,52.47504467762332,13.442802429199219,Garden
Neukölln,52.4811497,13.4353501,Sanhok,52.479675,13.425292,Vietnamese Restaurant
Neukölln,52.4811497,13.4353501,Bistro la Côte,52.475871,13.42599,French Restaurant
Neukölln,52.4811497,13.4353501,ÆTHER:bar,52.487127371108414,13.431088841056582,Cocktail Bar
Neukölln,52.4811497,13.4353501,Alter Roter Löwe Rein,52.47576451922523,13.443177572017891,Bar
Neukölln,52.4811497,13.4353501,Jungbusch,52.48759209647586,13.43122640545345,Bar
Pankow,52.5979174,13.435316,Lidl,52.59332517891692,13.432852952973917,Supermarket
Pankow,52.5979174,13.435316,Thanh Binh,52.59575700079766,13.432728894409669,Asian Restaurant
Pankow,52.5979174,13.435316,Shell,52.60095662,13.43246682,Fuel Station
Pankow,52.5979174,13.435316,H Rosenthaler Straße,52.59614004773554,13.432846069335938,Tram Station
Pankow,52.5979174,13.435316,Buchholz Grillhaus,52.59442211255104,13.432469905024963,Kebab Restaurant
Pankow,52.5979174,13.435316,REWE,52.603946389082566,13.432516271163877,Supermarket
Pankow,52.5979174,13.435316,H Blankenfelder Straße,52.60199193185031,13.431344032287598,Tram Station
Pankow,52.5979174,13.435316,mare2.de - Preuss & Knorr GbR,52.59464110979691,13.44179391860962,Furniture and Home Store
Pankow,52.5979174,13.435316,Jet Tankstelle,52.603462,13.432354,Fuel Station
Pankow,52.5979174,13.435316,H Marienstraße / Pasewalker Straße,52.59252947543668,13.431622982025146,Tram Station
Pankow,52.5979174,13.435316,Pankebecken,52.591602,13.437031,Lake
Pankow,52.5979174,13.435316,Bäckerei Martin Klar,52.60447776481263,13.432476832887986,Bakery
Pankow,52.5979174,13.435316,Buchholzer Apotheke,52.60525171635433,13.432799622005472,Pharmacy
Pankow,52.5979174,13.435316,S Blankenburg,52.59136078849369,13.443423880889817,Light Rail Station
Pankow,52.5979174,13.435316,H S Blankenburg,52.59088702279904,13.442351818084717,Bus Stop
Reinickendorf,52.6047631,13.2952872,Tomasa Landhaus,52.60053505464021,13.302940536706606,Gastropub
Reinickendorf,52.6047631,13.2952872,DJH Jugendherberge Berlin-Ernst Reuter,52.605084729826274,13.291861798925023,Hostel
Reinickendorf,52.6047631,13.2952872,Getränke Hoffmann,52.6088452,13.2946271,Liquor Store
Reinickendorf,52.6047631,13.2952872,Tornero Steakhaus,52.59695169874811,13.295747796618521,Italian Restaurant
Reinickendorf,52.6047631,13.2952872,Eiscafe Angelina Freie Scholle,52.59983060659108,13.302612532544074,Ice Cream Parlor
Reinickendorf,52.6047631,13.2952872,Tankstelle Sun,52.598174,13.298843,Fuel Station
Reinickendorf,52.6047631,13.2952872,Bäckerei & Konditorei Schäfer 's,52.5972870264799,13.295731544494629,Bakery
Reinickendorf,52.6047631,13.2952872,Freie Scholle,52.59858421022609,13.304142119588434,Sports Bar
Reinickendorf,52.6047631,13.2952872,Waldspielplatz,52.60911602463723,13.283646282490883,Playground
Spandau,52.535788,13.1977924,Cappuchino Berlin,52.53211886293053,13.198025856638768,Italian Restaurant
Spandau,52.535788,13.1977924,Altstadt Spandau,52.53752599860959,13.203849792480469,Neighborhood
Spandau,52.535788,13.1977924,Florida Eiscafé,52.53555691648738,13.199233883690894,Ice Cream Parlor
Spandau,52.535788,13.1977924,Florida Eiscafé,52.53046361968293,13.196192864668049,Ice Cream Parlor
Spandau,52.535788,13.1977924,Meridian Spa,52.53332583541937,13.197659528705447,Spa
Spandau,52.535788,13.1977924,Charlotte,52.537170206006316,13.20219301206387,Bistro
Spandau,52.535788,13.1977924,Spandauer Bierbrunnen,52.53314132069732,13.198368965915632,Pub
Spandau,52.535788,13.1977924,Brauhaus Spandau,52.540715254211655,13.206744523739928,Brewery
Spandau,52.535788,13.1977924,Diyar Simit Evi Spandau,52.53879194596891,13.206109318532368,German Restaurant
Spandau,52.535788,13.1977924,La Bottega,52.53654460038759,13.204786648880722,Italian Restaurant
Spandau,52.535788,13.1977924,dm-drogerie markt,52.5336624,13.1973583,Drugstore
Spandau,52.535788,13.1977924,Kaffee 26,52.53808023673928,13.202664348186223,Coffee Shop
Spandau,52.535788,13.1977924,Alt Spandau,52.5382,13.202098,Restaurant
Spandau,52.535788,13.1977924,Bolu,52.528193219580906,13.194751739501951,Grocery Store
Spandau,52.535788,13.1977924,Lidl,52.54289383864238,13.196573117729713,Supermarket
Spandau,52.535788,13.1977924,Wröhmännerpark,52.54231561975976,13.207111358642578,Park
Spandau,52.535788,13.1977924,Promenade am Lindenufer,52.5349648682383,13.205089912332703,Park
Spandau,52.535788,13.1977924,Soy (Sushi & Vietnamesisches Restaurant) @Berlin-Spandau,52.5378886,13.2066987,Vietnamese Restaurant
Spandau,52.535788,13.1977924,TK Maxx,52.53368017993411,13.198242729987578,Clothing Store
Spandau,52.535788,13.1977924,Cubi,52.53839492574984,13.206690041655111,Vietnamese Restaurant
Spandau,52.535788,13.1977924,Telekom Shop,52.534231,13.193812,Mobile Phone Store
Spandau,52.535788,13.1977924,BIO COMPANY,52.532700908850394,13.198284749675752,Organic Grocery
Spandau,52.535788,13.1977924,Kaplan Döner,52.53585703118549,13.199756580194574,Doner Restaurant
Spandau,52.535788,13.1977924,GALERIA,52.53659084,13.20280682,Department Store
Spandau,52.535788,13.1977924,Spandau Arcaden,52.53387796657927,13.196747303009033,Shopping Mall
Spandau,52.535788,13.1977924,Meilenstein,52.539617195345194,13.20612632124656,Cocktail Bar
Spandau,52.535788,13.1977924,Telekom Shop,52.53758962438591,13.204136118292809,Mobile Phone Store
Spandau,52.535788,13.1977924,Millefiori,52.538102203436495,13.206773576410882,Trattoria
Spandau,52.535788,13.1977924,Wochenmarkt Altstadt Spandau,52.53718394355253,13.20461611272347,Farmers Market
Spandau,52.535788,13.1977924,Rossmann,52.53363870851623,13.198181601167573,Drugstore
Spandau,52.535788,13.1977924,Kaufland,52.532246656747354,13.18817106578859,Big Box Store
Spandau,52.535788,13.1977924,Plancha II,52.54183566906403,13.199387652952067,Argentinian Restaurant
Spandau,52.535788,13.1977924,Battista Trattoria,52.53845264183413,13.206746578216553,Trattoria
Spandau,52.535788,13.1977924,Hostel & Hotel Altstadt Spandau Berlin,52.53679091757051,13.206573479045165,Hostel
Spandau,52.535788,13.1977924,Dalmacija Grill,52.536487610443224,13.190949237760805,Restaurant
Spandau,52.535788,13.1977924,Münsingerpark,52.53691257613907,13.19782018661499,Park
Spandau,52.535788,13.1977924,Rossmann,52.537529,13.204214,Drugstore
Spandau,52.535788,13.1977924,Ristorante Romana,52.52807296793517,13.194844381498376,Pizzeria
Spandau,52.535788,13.1977924,Landhaus Perle,52.54297,13.197892,Italian Restaurant
Spandau,52.535788,13.1977924,Fressnapf XXL,52.530087884942425,13.196739416639955,Pet Supplies Store
Spandau,52.535788,13.1977924,SUBWAY,52.5342329,13.1985234,Sandwich Spot
Spandau,52.535788,13.1977924,Dunkin',52.534624,13.198708,Donut Shop
Spandau,52.535788,13.1977924,Aral,52.542837,13.199296,Fuel Station
Spandau,52.535788,13.1977924,C&A,52.53582408429442,13.20101839000427,Clothing Store
Spandau,52.535788,13.1977924,Lutetia,52.53708743700832,13.201965824495048,Pub
Spandau,52.535788,13.1977924,Ibis Hotel Berlin Spandau,52.533327173990706,13.19805421964304,Hotel
Spandau,52.535788,13.1977924,Saturn,52.533739589093955,13.196173310279846,Electronics Store
Spandau,52.535788,13.1977924,McDonald's,52.53374604966026,13.198488755352516,Fast Food Restaurant
Spandau,52.535788,13.1977924,H&M,52.533840867536675,13.197417792398484,Clothing Store
Spandau,52.535788,13.1977924,Burger King,52.53750399059587,13.203556430143399,Fast Food Restaurant
Spandau,52.535788,13.1977924,BackWerk,52.534782,13.199022,Bakery
Spandau,52.535788,13.1977924,Thoben's Backwaren,52.53567892623376,13.194627558323123,Bakery
Spandau,52.535788,13.1977924,Parfümerie Douglas Berlin Spandau,52.533951,13.196342,Perfume Store
Spandau,52.535788,13.1977924,Cineplex Spandau,52.5385405302844,13.20648118111572,Movie Theater
Spandau,52.535788,13.1977924,o2 Shop,52.533462,13.1973309,Mobile Phone Store
Spandau,52.535788,13.1977924,Peek & Cloppenburg,52.53391815837474,13.195264317791043,Clothing Store
Spandau,52.535788,13.1977924,Denns BioMarkt,52.533349335723294,13.198034763336182,Organic Grocery
Spandau,52.535788,13.1977924,H Brunsbütteler Damm / Ruhlebener Straße,52.53310762012783,13.197987547039945,Bus Stop
Spandau,52.535788,13.1977924,H Elsflether Weg,52.533872946692114,13.193841286888384,Bus Stop
Spandau,52.535788,13.1977924,Konditorei Fester,52.536902,13.204572,Café
Spandau,52.535788,13.1977924,OBI,52.52738385017998,13.19356083869934,Hardware Store
Spandau,52.535788,13.1977924,LALE Imbiss,52.53168987211397,13.19705843925476,Fast Food Restaurant
Spandau,52.535788,13.1977924,Satt und Selig,52.5381908721496,13.204593311150601,Restaurant
Spandau,52.535788,13.1977924,Novum Select Hotel Berlin Spiegelturm,52.53253499729468,13.210173196566299,Hotel
Steglitz-Zehlendorf,52.4292052,13.2299741,Rossosiena,52.43139694496531,13.23104957419541,Italian Restaurant
Steglitz-Zehlendorf,52.4292052,13.2299741,Il Brunello,52.432491302490234,13.219003677368164,Italian Restaurant
Steglitz-Zehlendorf,52.4292052,13.2299741,Museumsdorf Düppel,52.42466894219513,13.236068487167358,History Museum
Steglitz-Zehlendorf,52.4292052,13.2299741,Mexikoplatz,52.43780429862507,13.232259750366211,Plaza
Steglitz-Zehlendorf,52.4292052,13.2299741,EDEKA Potsdamer Chaussee,52.426957238778364,13.215881854412576,Supermarket
Steglitz-Zehlendorf,52.4292052,13.2299741,Aral & REWE To Go Büttner,52.43305731944573,13.237869224922314,Fuel Station
Steglitz-Zehlendorf,52.4292052,13.2299741,Villa Medici,52.42988428866316,13.22421259897962,Italian Restaurant
Steglitz-Zehlendorf,52.4292052,13.2299741,La Piazza,52.437458314435176,13.23329327316576,Café
Steglitz-Zehlendorf,52.4292052,13.2299741,Derby-Klause,52.428032,13.2378,Pub
Steglitz-Zehlendorf,52.4292052,13.2299741,BIO COMPANY,52.42725641985331,13.217636346817017,Organic Grocery
Steglitz-Zehlendorf,52.4292052,13.2299741,Shell,52.42962033714994,13.223409161978779,Fuel Station
Steglitz-Zehlendorf,52.4292052,13.2299741,Club A18,52.428781724310035,13.215582960545618,Bar
Steglitz-Zehlendorf,52.4292052,13.2299741,La Gondola Due,52.437556,13.233455,Italian Restaurant
Steglitz-Zehlendorf,52.4292052,13.2299741,Trattoria Piazza Siciliana,52.43053,13.229966,Italian Restaurant
Steglitz-Zehlendorf,52.4292052,13.2299741,Asado,52.43240096625822,13.235903809880744,Steakhouse
Steglitz-Zehlendorf,52.4292052,13.2299741,H Spanische Allee / Potsdamer Chaussee,52.429227458610136,13.224908967752615,Bus Stop
Steglitz-Zehlendorf,52.4292052,13.2299741,Yehudi-Menuhin-Park,52.426136,13.219962,Park
Steglitz-Zehlendorf,52.4292052,13.2299741,H Kurstraße,52.428210705263886,13.218091324274098,Bus Stop
Steglitz-Zehlendorf,52.4292052,13.2299741,La Foresta,52.42717708686202,13.217972465001125,Italian Restaurant
Steglitz-Zehlendorf,52.4292052,13.2299741,Doçura,52.43701963334464,13.23264703216251,Chocolate Store
Steglitz-Zehlendorf,52.4292052,13.2299741,Sprint Tankstelle,52.433300795524346,13.242515545264043,Fuel Station
Tempelhof-Schöneberg,52.4404422,13.38828872350066,ALDI NORD,52.44111249078824,13.390857234894659,Supermarket
Tempelhof-Schöneberg,52.4404422,13.38828872350066,Bei Radi,52.445683842896166,13.390001398999091,Eastern European Restaurant
Tempelhof-Schöneberg,52.4404422,13.38828872350066,Volkspark Mariendorf,52.44242167608397,13.3913254737854,Park
Tempelhof-Schöneberg,52.4404422,13.38828872350066,New Ocean,52.436151,13.389253,Chinese Restaurant
Tempelhof-Schöneberg,52.4404422,13.38828872350066,rice & more,52.43461524296458,13.378290114414813,Asian Restaurant
Tempelhof-Schöneberg,52.4404422,13.38828872350066,Villa Christina,52.439782,13.388025,Greek Restaurant
Tempelhof-Schöneberg,52.4404422,13.38828872350066,Eis Hennig,52.43883304040497,13.38822840642672,Ice Cream Parlor
Tempelhof-Schöneberg,52.4404422,13.38828872350066,Chicken House,52.445612350365664,13.386291050783417,Fried Chicken Joint
Tempelhof-Schöneberg,52.4404422,13.38828872350066,Steakhouse Hazienda,52.4387019845016,13.387330290621993,Steakhouse
Tempelhof-Schöneberg,52.4404422,13.38828872350066,Karma,52.44736123258221,13.396934743257194,Indian Restaurant
Tempelhof-Schöneberg,52.4404422,13.38828872350066,Polo Superstore,52.43964,13.3807408,Motorcycle Dealership
Tempelhof-Schöneberg,52.4404422,13.38828872350066,Rossmann,52.444159901684756,13.38686316841901,Drugstore
Tempelhof-Schöneberg,52.4404422,13.38828872350066,EDEKA Prang,52.44539066884613,13.386154174804688,Supermarket
Tempelhof-Schöneberg,52.4404422,13.38828872350066,Shell,52.43619893,13.38840385,Fuel Station
Tempelhof-Schöneberg,52.4404422,13.38828872350066,U Alt-Mariendorf,52.43957200237412,13.387689659529865,Metro Station
Tempelhof-Schöneberg,52.4404422,13.38828872350066,Lidl,52.4391942,13.3797526,Supermarket
Tempelhof-Schöneberg,52.4404422,13.38828872350066,Remise No 1,52.44446584277039,13.385888533316715,German Restaurant
Tempelhof-Schöneberg,52.4404422,13.38828872350066,Schäfer's,52.445348162652394,13.386108577251434,Bakery
Tempelhof-Schöneberg,52.4404422,13.38828872350066,Getränke Hoffmann,52.4391942,13.3797526,Food and Beverage Retail
Tempelhof-Schöneberg,52.4404422,13.38828872350066,U Westphalweg,52.445598403162684,13.385829445202933,Metro Station
Tempelhof-Schöneberg,52.4404422,13.38828872350066,Edeka,52.43499101,13.38911184,Supermarket
Tempelhof-Schöneberg,52.4404422,13.38828872350066,Cafe Forddamm,52.43471897772225,13.3812798133935,Bakery
Tempelhof-Schöneberg,52.4404422,13.38828872350066,Ristorante La Piccola Cantina da Manuel & Prisca,52.44776916503906,13.38882064819336,Italian Restaurant
Tempelhof-Schöneberg,52.4404422,13.38828872350066,H Lerchenweg,52.448065866282604,13.386521768306478,Bus Stop
Tempelhof-Schöneberg,52.4404422,13.38828872350066,H Kosleckweg,52.44724503895298,13.396416074342882,Bus Stop
Treptow-Köpenick,52.417893,13.6001848,Seebad Wendenschloss,52.415183409285184,13.599313322683718,Beach
Treptow-Köpenick,52.417893,13.6001848,Regattastrecke Grünau,52.413074130833635,13.588950634002684,River
Treptow-Köpenick,52.417893,13.6001848,Schmetterlingshorst,52.412317487472045,13.60986456910407,Gastropub
Treptow-Köpenick,52.417893,13.6001848,Langen See,52.41492930775385,13.596252837434431,Lake
Treptow-Köpenick,52.417893,13.6001848,Müggelbergplatz,52.41885883093771,13.59060287475586,Plaza
Treptow-Köpenick,52.417893,13.6001848,HAFENBAUDE,52.418569,13.58691,Gastropub
Treptow-Köpenick,52.417893,13.6001848,H Lienhardweg,52.42184249722151,13.58785629272461,Tram Station
